[ { "Subject": "b05d3546-6ca8-4d32-b95c-77e94d705ddf", "UserName": "Kevin", "Password": "secret",
    "IsActive": true,
    "UserClaims": [
        {
            "Id": "61a9cd7b-9ff3-4f10-bc80-9459a1cff29e",
            "Subject": "b05d3546-6ca8-4d32-b95c-77e94d705ddf",
            "ClaimType": "given_name",
            "ClaimValue": "Kevin"
        },
        { "Id": "e2ccb661-f978-4c3f-8715-6e2d6f822e98",
           "Subject": "b05d3546-6ca8-4d32-b95c-77e94d705ddf", "ClaimType": "family_name", "ClaimValue": "Dockx" },
        {
            "Id": "9e5f36c9-5b55-4971-af27-c01c0ac47ac7",
            "Subject": "b05d3546-6ca8-4d32-b95c-77e94d705ddf",

            "ClaimType": "address",
            "ClaimValue": "1, Main Street, Antwerp, Belgium"

        },
            {"Id":"1a852299-0ea3-43ca-905b-0df3ec4e8a4f","Subject":"b05d3546-6ca8-4d32-b95c-77e94d705ddf","ClaimType":"role","ClaimValue":"PayingUser"},{"Id":"613373b9-65d5-44c3-8432-218020f20ae5","Subject":"b05d3546-6ca8-4d32-b95c-77e94d705ddf","ClaimType":"email","ClaimValue":"kevin.dockx@gmail.com"}],"UserLogins":[{"Subject":"b05d3546-6ca8-4d32-b95c-77e94d705ddf","LoginProvider":"Facebook","ProviderKey":"10207772587535564"}]},{"Subject":"bb61e881-3a49-42a7-8b62-c13dbe102018","UserName":"Sven","Password":"secret","IsActive":true,"UserClaims":[{"Id":"9e996e42-cbf5-4c07-a01f-6f1eb79bb512","Subject":"bb61e881-3a49-42a7-8b62-c13dbe102018","ClaimType":"given_name","ClaimValue":"Sven"},{"Id":"33e00239-c60b-49b1-bd6c-38b1e37b830b","Subject":"bb61e881-3a49-42a7-8b62-c13dbe102018","ClaimType":"family_name","ClaimValue":"Vercauteren"},{"Id":"79bd0ef1-0420-4888-a826-5909f107f01a","Subject":"bb61e881-3a49-42a7-8b62-c13dbe102018","ClaimType":"address","ClaimValue":"2, Main Road, Antwerp, Belgium"},{"Id":"0852fc93-fa72-4c4f-a782-54cb008ef74b","Subject":"bb61e881-3a49-42a7-8b62-c13dbe102018","ClaimType":"role","ClaimValue":"FreeUser"},{"Id":"51027a4a-2280-476a-86fb-5f53ecbbd744","Subject":"bb61e881-3a49-42a7-8b62-c13dbe102018","ClaimType":"email","ClaimValue":"svenisanonymous@somedomain.com"}],"UserLogins":[]},{"Subject":"0dcf9007-0e85-4449-8284-f1a1c0d9464d","UserName":null,"Password":null,"IsActive":true,"UserClaims":[{"Id":"be737ee3-3036-44e0-94e2-37e9425b8058","Subject":"0dcf9007-0e85-4449-8284-f1a1c0d9464d","ClaimType":"email","ClaimValue":"tom.dockx@someprovider.com"},{"Id":"ca883764-ede6-4c1a-a3f2-afcda57f3c72","Subject":"0dcf9007-0e85-4449-8284-f1a1c0d9464d","ClaimType":"given_name","ClaimValue":"Tom"},{"Id":"f998e905-a7d6-4f51-84bf-b224e5bc941b","Subject":"0dcf9007-0e85-4449-8284-f1a1c0d9464d","ClaimType":"family_name","ClaimValue":"Dockx"},{"Id":"94457969-6e0a-45e8-aab1-817995bcd218","Subject":"0dcf9007-0e85-4449-8284-f1a1c0d9464d","ClaimType":"role","ClaimValue":"FreeUser"}],"UserLogins":[{"Subject":"0dcf9007-0e85-4449-8284-f1a1c0d9464d","LoginProvider":"windows","ProviderKey":"S-1-5-21-3931044565-2240918343-2935380240-1001"}]}]
